Link,Clock name,Authors,Species,Alive/Post-Mortem/Pre-natal,First Author,Publication Year,Publication Title,DNAm profiling technology,# of CpGs,Training Phenotype,Tissue,list of tissues (if Multiple),n of subjects,Age range (training),Method,Accuracy of age prediction (R2),Accuracy of age prediction (r),Age range,Tissue,p-value,MAD (years),HR (95% CI),% of correct predictions,RMSE,Genes,Comments,Comments 2
https://doi.org/10.1101/2021.01.18.426733,universal naãve clock (Clock1),"MAMMALIAN METHYLATION CONSORTIUM, Lu AT, Fei Z, et al.",185 mammalian species,Alive and Post-Mortem,Mammalian Methylation Consortium,Preprint2021,Universal DNA methylation age across mammalian tissues.,"Illumina 450k, Mammalian array",,Chronological age,Multiple,59 tissue types,11754,prenatal-139years,penalized regression model,,>0.96,,Multiple,,,,,,,,
https://doi.org/10.1101/2021.01.18.426733,universal relative age clock (Clock 2),"MAMMALIAN METHYLATION CONSORTIUM, Lu AT, Fei Z, et al.",185 mammalian species,Alive and Post-Mortem,Mammalian Methylation Consortium,Preprint2021,Universal DNA methylation age across mammalian tissues.,"Illumina 450k, Mammalian array",,individual age relative to the maximum lifespan of its species,Multiple,59 tissue types,11754,prenatal-139years,penalized regression model,,>0.96,,Multiple,,,,,,,,
https://doi.org/10.1101/2021.01.18.426733,universal log-linear transformed age clock (Clock3),"MAMMALIAN METHYLATION CONSORTIUM, Lu AT, Fei Z, et al.",185 mammalian species,Alive and Post-Mortem,Mammalian Methylation Consortium,Preprint2021,Universal DNA methylation age across mammalian tissues.,"Illumina 450k, Mammalian array",,Chronological age,Multiple,59 tissue types,11754,prenatal-139years,penalized regression model,,>0.96,,Multiple,,,,,,,,
https://journals.plos.org/ploscompbiol/article?id=10.1371/journal.pcbi.1009938#pcbi-1009938-t001,,"David A Sinclair, Alice E Kane, Amber Mueller, Brad English, Anthony Arena, Daniel Vera Adam Li",Homo sapiens,Alive,Li,2022,Novel feature selection methods for construction of accurate epigenetic clocks,Illumina450k,35,Chronological age,Blood,,656,19-101,multiple feature selection methods,0.931,,,Blood,,4.18,,,,,Method: SelectKBest for 2000 features followed by Boruta,"GSE40279 for training and GSE85311 and GSE52588 for external validation, results are for GSE85311"
https://journals.plos.org/ploscompbiol/article?id=10.1371/journal.pcbi.1009938#pcbi-1009938-t001,,"David A Sinclair, Alice E Kane, Amber Mueller, Brad English, Anthony Arena, Daniel Vera Adam Li",Homo sapiens,Alive,Li,2022,Novel feature selection methods for construction of accurate epigenetic clocks,Illumina450k,5,Chronological age,Blood,,656,19-101,Top 5 most frequent sites,0.964,,,Blood,,5.6,,,,"ELOVL2, C1orf132, FHL2, OTUD7A and CCDC102B",Method: SelectKBest for 2000 features followed by Boruta,"GSE40279 for training and GSE85311 and GSE52588 for external validation, results are for GSE85311"
https://www.mdpi.com/2079-7737/10/12/1312/htm,BBT-APM,"Helena Correia Dias, Lic°nio Manco, Francisco Corte Real, EugÇnia Cunha",Homo sapiens,Alive and Post-Mortem,Correira Dias,2021,A Blood-Bone-Tooth Model for Age Prediction in Forensic Contexts,Sanger Sequencing,7,Chronological Age,Multiple,"Blood, bone, tooth",185,1-94,"3-fold cross-validation, simple linear regression, multiple linear regression",0.878,0.94,1-94,"Blood, bone tooth",7.36 û 10?79,6.27,,73.8,6.27,"ELOVL2, FHL2, EDARADD, PDE4C, C1orf132","MAD and RMSE are given as mean of 3-fold CV, in the paper they give for simple train-test split (very close)",
https://www.mdpi.com/2079-7737/10/12/1312/htm,BBT-APM,"Helena Correia Dias, Lic°nio Manco, Francisco Corte Real, EugÇnia Cunha",Homo sapiens,Alive and Post-Mortem,Correira Dias,2021,A Blood-Bone-Tooth Model for Age Prediction in Forensic Contexts,SNaPshot,3,Chronological Age,Multiple,"Blood, bone, tooth",168,1-94,"3-fold cross-validation, simple linear regression, multiple linear regression",0.847,0.922,1-94,"Blood, bone tooth",3.14 û 10?67,6.73,,73,6.75,"ELOVL2, C1orf132 and KLF14","MAD and RMSE are given as mean of 3-fild CV, in the paper they give for simple train-test split (very close)",
https://www.sciencedirect.com/science/article/pii/S037907382030493X?via%3Dihub,,"Kornkiat Vongpaisarnsin, Tikumphorn Sathirapatya Poonyapat Sukawutthiya",Homo sapiens,Alive and Post-Mortem,Sukawutthiya,2021,A minimal number CpGs of ELOVL2 gene for a chronological age estimation using pyrosequencing,Pyrosequencing,2,Chronological Age,Blood,,100,18-60,stepwise multiple linear regression,0.733,0.865,21+,Post-mortem blood,<0.001,7.14,,,10.216,ELOVL2,"They produce several models, did not find the age of the test group, performance metrics improve on older sample (after excluding early 20s)",
https://www.sciencedirect.com/science/article/pii/S1872497323000212?via%3Dihub,,"Fokias K, Dierckx L, Van de Voorde W, Bekaert B.",Homo sapiens,Alive and Post-Mortem,Fokias,2023,Age determination through DNA methylation patterns of fingernails and toenails.,Pyrosequencing,5,Chronological Age,left hand finger nail,,99,0-96,"Bayesian Information Criterion (BIC) fo feature selection, ordinary least squares (OLS), weighted least squares (WLS) and quantile regression models",,,,post mortem finger nails,,4.39,,,9.96,"ASPA, EDARADD, PDE4C, ELOVL2","No supplementary files, hence, no performance metrics",
https://www.sciencedirect.com/science/article/pii/S1872497323000212?via%3Dihub,,"Fokias K, Dierckx L, Van de Voorde W, Bekaert B.",Homo sapiens,Alive and Post-Mortem,Fokias,2023,Age determination through DNA methylation patterns of fingernails and toenails.,Pyrosequencing,5,Chronological Age,right hand finger nail,,100,0-96,"Bayesian Information Criterion (BIC) fo feature selection, ordinary least squares (OLS), weighted least squares (WLS) and quantile regression models",,,,post mortem finger nails,,5.05,,,9.86,"ASPA, EDARADD, PDE4C, ELOVL2","No supplementary files, hence, no performance metrics",
https://www.sciencedirect.com/science/article/pii/S1872497323000212?via%3Dihub,,"Fokias K, Dierckx L, Van de Voorde W, Bekaert B.",Homo sapiens,Alive and Post-Mortem,Fokias,2023,Age determination through DNA methylation patterns of fingernails and toenails.,Pyrosequencing,7,Chronological Age,left foot toe nail,,99,0-96,"Bayesian Information Criterion (BIC) fo feature selection, ordinary least squares (OLS), weighted least squares (WLS) and quantile regression models",,,,post-mortem toe nails,,5.02,,,8.8,"ASPA, EDARADD, PDE4C, ELOVL2","No supplementary files, hence, no performance metrics",
https://www.sciencedirect.com/science/article/pii/S1872497323000212?via%3Dihub,,"Fokias K, Dierckx L, Van de Voorde W, Bekaert B.",Homo sapiens,Alive and Post-Mortem,Fokias,2023,Age determination through DNA methylation patterns of fingernails and toenails.,Pyrosequencing,5,Chronological Age,right foot toe nail,,98,0-96,"Bayesian Information Criterion (BIC) fo feature selection, ordinary least squares (OLS), weighted least squares (WLS) and quantile regression models",,,,post-mortem toe nails,,7.39,,,10.57,"ASPA, EDARADD, PDE4C, ELOVL2","No supplementary files, hence, no performance metrics",
https://www.jrmds.in/articles/age-estimation-using-dna-extracted-from-human-saliva-as-a-diagnostic-measure-in-forensic-odontology.pdf,,"Keerthana, T.; Ramesh, Sindhu",Homo sapiens,Alive and Post-Mortem,Keerthana,2021,Age Estimation Using DNA Extracted from Human Saliva as a Diagnostic Measure in Forensic Odontology,Illumina 450K and SNaPshot,6,Chronological Age,Saliva,,45,18-70,simple and multivariate regression analysis,,,24-64,Saliva,,4.1,,,,"PTPN7, KLF14, TSSK6, TBR1, SLC12A5",,
https://www.sciencedirect.com/science/article/pii/S134462232100081X?via%3Dihub,,"M. Funayama, T. Ohuchi, M. Hashiyada X. Guan",Homo sapiens,Post-Mortem,Funayama,2021,Age-related DNA methylation analysis for forensic age estimation using post-mortem blood samples from Japanese individuals,MiSeq,4,Chronological Age,Blood,,60,0-91,Linear,0.939,0.969,0-91,Blood,,6.493,,93.33,,"ASPA, ELVOL2, ITGA2B, and PDE4C",,
https://www.sciencedirect.com/science/article/pii/S134462232100081X?via%3Dihub,,"M. Funayama, T. Ohuchi, M. Hashiyada X. Guan",Homo sapiens,Post-Mortem,Funayama,2021,Age-related DNA methylation analysis for forensic age estimation using post-mortem blood samples from Japanese individuals,MiSeq,4,Chronological Age,Blood,,60,0-91,Quantile,0.9395,0.9693,0-92,Blood,,6.243,,96.67,,"ASPA, ELVOL2, ITGA2B, and PDE4C",,
https://www.aging-us.com/article/204196/text,PCBrainAge,"Thrush KL, Bennett DA, Gaiteri C, et al.",Homo sapiens,Post-Mortem,Thrush,2022,Aging the Brain: Multi-Region Methylation Principal Component Based Clock in the Context of Alzheimer's Disease.,"Illumina 450K and EPIC, Elisyum",15PCs,Chronological Age,Post mortem brain tissues,,399,20-97,elastic net penalized regression to find the optimal weighted linear average of PCs,,0.62,66-108,Post-mortem brain tissues,3.3E-076,,,,,,"Does not use CpGS directly, uses PCs instead",
https://www.aging-us.com/article/204196/text,DNAmClockCortical,"Thrush KL, Bennett DA, Gaiteri C, et al.",Homo sapiens,Post-Mortem,Thrush,2022,Aging the Brain: Multi-Region Methylation Principal Component Based Clock in the Context of Alzheimer's Disease.,"Illumina 450K and EPIC, Elisyum",,Chronological Age,Post mortem brain tissues,,1047,1-108,elastic net penalized regression to find the optimal weighted linear average of PCs,,0.79,1-108,Post-mortem brain tissues,1.6E-149,,,,,,"Does not use CpGS directly, uses PCs instead",
https://doi.org/10.1007/s00414-022-02826-w,11CpGs,"Mayer F., Becker J., Reinauer C., Bîhme P., Eickhoff S.B., Koop B., GÅndÅz T., Blum J., Wagner W., Ritz-Timme S.",Homo sapiens,Alive,Mayer,2022,Altered DNA methylation at age-associated CpG sites in children with growth disorders: impact on age estimation?,Pyrosequencing,11,Chronological Age,buccal mucosa,,199,0-18,random forest algorithm,,,,,,1.77,,,,"PDE4C, ELOVL2, RPA2, EDARADD and DDO",,
https://doi.org/10.1007/s00414-022-02826-w,5CpGs,"Mayer F., Becker J., Reinauer C., Bîhme P., Eickhoff S.B., Koop B., GÅndÅz T., Blum J., Wagner W., Ritz-Timme S.",Homo sapiens,Alive,Mayer,2022,Altered DNA methylation at age-associated CpG sites in children with growth disorders: impact on age estimation?,Pyrosequencing,5,Chronological Age,buccal mucosa,,199,0-18,random forest algorithm,,,,,,1.99,,,,"PDE4C, ELOVL2, RPA2, EDARADD and DDO",,
https://onlinelibrary.wiley.com/doi/10.1111/acel.13608,,"Huan T, Nguyen S, Colicino E, et al.",Homo sapiens,Alive,Huan,2022,An integrative analysis of clinical and epigenetic biomarkers of mortality.,Illumina 450K,177,All-cause mortality,Blood,,10715,,Cox regression model regularized with elastic net penalty,,,,Blood,,,1.884618297,,,,,
https://onlinelibrary.wiley.com/doi/10.1111/acel.13609,,"Huan T, Nguyen S, Colicino E, et al.",Homo sapiens,Alive,Huan,2022,An integrative analysis of clinical and epigenetic biomarkers of mortality.,Illumina 450K,71,All-cause mortality and CVD Death,Blood,,10715,,Cox regression model regularized with elastic net penalty,,,,Blood,,,2.130748534,,,,,
https://onlinelibrary.wiley.com/doi/10.1111/acel.13610,,"Huan T, Nguyen S, Colicino E, et al.",Homo sapiens,Alive,Huan,2022,An integrative analysis of clinical and epigenetic biomarkers of mortality.,Illumina 450K,54,Cancer death,Blood,,10715,,Cox regression model regularized with elastic net penalty,,,,Blood,,,1.834950707,,,,,
https://www.frontiersin.org/articles/10.3389/fbioe.2021.819991/full,,"Haoliang Fan, Qiqian Xie, Zheng Zhang, Junhao Wang, Xuncai Chen, Pingming Qiu",Homo sapiens,Alive,Haoliang,2022,Chronological Age Prediction: Developmental Evaluation of DNA Methylation-Based Machine Learning Models,Pyrosequencing,25,Chronological age,Blood,,240,1-81,Random forest regression,0.99,,1-81,Blood,,2.97,,,1.77,,Also have performance data for sex-specific and age-brackets subsets,
https://www.frontiersin.org/articles/10.3389/fbioe.2021.819991/full,,"Haoliang Fan, Qiqian Xie, Zheng Zhang, Junhao Wang, Xuncai Chen, Pingming Qiu",Homo sapiens,Alive,Haoliang,2022,Chronological Age Prediction: Developmental Evaluation of DNA Methylation-Based Machine Learning Models,Pyrosequencing,25,Chronological age,Blood,,240,1-81,Stepwise regression,0.95,,1-81,Blood,,1.29,,,3.89,,Also have performance data for sex-specific and age-brackets subsets,
https://www.frontiersin.org/articles/10.3389/fbioe.2021.819991/full,,"Haoliang Fan, Qiqian Xie, Zheng Zhang, Junhao Wang, Xuncai Chen, Pingming Qiu",Homo sapiens,Alive,Haoliang,2022,Chronological Age Prediction: Developmental Evaluation of DNA Methylation-Based Machine Learning Models,Pyrosequencing,25,Chronological age,Blood,,240,1-81,Support vector eps-regression,0.97,,1-81,Blood,,2.22,,,2.95,,Also have performance data for sex-specific and age-brackets subsets,
https://www.frontiersin.org/articles/10.3389/fbioe.2021.819991/full,,"Haoliang Fan, Qiqian Xie, Zheng Zhang, Junhao Wang, Xuncai Chen, Pingming Qiu",Homo sapiens,Alive,Haoliang,2022,Chronological Age Prediction: Developmental Evaluation of DNA Methylation-Based Machine Learning Models,Pyrosequencing,25,Chronological age,Blood,,240,1-81,Support vector nu-regression,0.97,,1-81,Blood,,2.19,,,2.94,,Also have performance data for sex-specific and age-brackets subsets,
https://doi.org/10.1158/1940-6207.CAPR-20-0635,ELF5 Clock,"Miyano, Masaru; Sayaman, Rosalyn W.; Shalabi, Sundus F.; Senapati, Parijat; Lopez, Jennifer C.; Angarola, Brittany Lynn; Hinz, Stefan; Zirbes, Arrianna; Anczukow, Olga; Yee, Lisa D.; Sedrak, Mina S.; Stampfer, Martha R.; Seewaldt, Victoria L.; LaBarge, Mark A.",Homo sapiens,Alive,Miyano,2021,Breast-Specific Molecular Clocks Comprised of ELF5 Expression and Promoter Methylation Identify Individuals Susceptible to Cancer Initiation,Illumina 450K,5,Chronological age,Breast tissue,,229,,Multiple linear regression,0.97,0.99,,Breast tissue,0.0000076,,,,,ELF5,,
https://www.tandfonline.com/doi/full/10.1080/00450618.2020.1805011,,"Correia Dias H., Corte-Real F., Cunha E., Manco L.",Homo sapiens,Post-Mortem,Correira Dias,2020,DNA methylation age estimation from human bone and teeth,Sanger sequencing,6,Chronological age,Bone,,29,26-80,"3-fold cross-validation, simple linear regression, multiple linear regression",0.925,0.957,,Bone,2.097 x 10?12,2.56,,,,"ELOVL2, EDARADD and MIR29B2C",,
https://www.tandfonline.com/doi/full/10.1080/00450618.2020.1805011,,"Correia Dias H., Corte-Real F., Cunha E., Manco L.",Homo sapiens,Post-Mortem,Correira Dias,2020,DNA methylation age estimation from human bone and teeth,SNaPshot assay,2,Chronological age,Bone,,31,26-81,"3-fold cross-validation, simple linear regression, multiple linear regression",0.576,0.777,,Bone,0.000002,7.18,,,,FHL2 and KLF14,,
https://www.tandfonline.com/doi/full/10.1080/00450618.2020.1805011,,"Correia Dias H., Corte-Real F., Cunha E., Manco L.",Homo sapiens,Alive and Post-Mortem,Correira Dias,2020,DNA methylation age estimation from human bone and teeth,SNaPshot assay,2,Chronological age,Teeth,,24,26-94,"3-fold cross-validation, simple linear regression, multiple linear regression",0.764,0.886,,Teeth,2.09 x 10?7,7.07,,,,ELOVL2 and KLF14,,
https://doi.org/10.1007/s00414-021-02650-8,,"Anaya Y, Yew P, Roberts KA, Hardy WR.",Homo sapiens,Post-Mortem,Anaya,2021,DNA methylation of decedent blood samples to estimate the chronological age of human remains,pyrosequencing,5,Chronological age,Blood,,160,0.25-93,Multiple linear regression,0.759,0.873,0.25-91,Blood,<0.0001,7.42,,28.1,10.17,"ELOVL2, C1orf132, TRIM59, KLF14, and FHL2 ",72 test samples,
https://www.nature.com/articles/s41598-021-95021-7#MOESM1,,"Schmidt M, Maixner F, Hotz G, Pap I, Szikossy I, P†lfi G, Zink A, Wagner W.",Homo sapiens,Post-Mortem,Schmidt,2021,DNA methylation profiling in mummified human remains from the eighteenth-century,Illumina EPIC,7,Chronological age,Lung,9 tissues from 13 studies used for training,301,0-94,Multiple linear regression,0.43,,,Multiple,,,,,,"GLB1,TMPPE;C7orf55;CEBPD;BRUNOL;ABCA17P,ABCA3;UCKL1AS,UCKL1;TNFRSF13C","Used 7 of Horvath's CpGs, and re-trained age prediction on them. Only those 7 CPGs were available for mummy samples; 175 sample in validation set",GSE169595
https://elifesciences.org/articles/73420,DunedinPACE,"Belsky D.W., Caspi A., Corcoran D.L., Sugden K., Poulton R., Arseneault L., Baccarelli A., Chamarti K., Gao X., Hannon E., Harrington H.L., Houts R., Kothari M., Kwon D., Mill J., Schwartz J., Vokonas P., Wang C., Williams B., Moffitt T.E.",Homo sapiens,Alive,Belsky,2022,"DunedinPACE, A DNA methylation biomarker of the Pace of Aging",Illumina EPIC x 450k,173,Pace of Aging (number of biological years gained in 1 chronological year),Blood,,1037,26-45,Elastic net regression,,,28-95,Blood,,,,,,,tested on Understanding Society Study (n = 1175) by calculating correlation of the PACE and PoM,
https://acamh.onlinelibrary.wiley.com/doi/full/10.1111/jcpp.13575?saml_referrer,,"Copeland W.E., Shanahan L., McGinnis E.W., Aberg K.A., van den Oord E.J.C.G.",Homo sapiens,Alive,Copeland,2022,"Early adversities accelerate epigenetic aging into adulthood: a 10-year, within-subject analysis",MBD-seq,"exact number not provided, tried 1000-75,000 loci",Chronological age,Blood,,381,9-30,Elastic net regression with 10-fold cross validation,,0.9,9-30,,,,,,,,"Very poor description of the clock, only provide list of ""top1000 CpGs"" included, number of CpGs in the modelis not given",
https://doi.org/10.1371/journal.pone.0267349,eClock balanced,Liu Y.,Homo sapiens,Alive,Liu,2022,eClock: An ensemble-based method to accurately predict ages with a biased distribution from DNA methylation data,Illumina 27k and 450k,46,Chronological age,Placenta,,194,6-42 weeks,bagging-SMOTE method,0.812,,,Placenta,,,,,,37 genes,165 samples used for testing,
https://doi.org/10.1371/journal.pone.0267349,eClock normal,Liu Y.,Homo sapiens,Alive,Liu,2022,eClock: An ensemble-based method to accurately predict ages with a biased distribution from DNA methylation data,Illumina 27k and 450k,39,Chronological age,Placenta,,194,6-42 weeks,Elastic net regression,0.823,,,Placenta,,,,,,28 genes,165 samples used for testing,
https://doi.org/10.1371/journal.pone.0267349,eClock bootstrapped,Liu Y.,Homo sapiens,Alive,Liu,2022,eClock: An ensemble-based method to accurately predict ages with a biased distribution from DNA methylation data,Illumina 27k and 450k,48,Chronological age,Placenta,,194,6-42 weeks,bagging,0.807,,,Placenta,,,,,,38 genes,165 samples used for testing,
https://doi.org/10.1371/journal.pone.0267349,eClock balanced,Liu Y.,Homo sapiens,Alive,Liu,2022,eClock: An ensemble-based method to accurately predict ages with a biased distribution from DNA methylation data,Illumina 27k and 450k,66 genes,Chronological age,Blood,,539,16-88,bagging-SMOTE method,0.881,,,Blood,,,,,4.47,66 genes,180 samples used for testing,
https://doi.org/10.1371/journal.pone.0267349,eClock normal,Liu Y.,Homo sapiens,Alive,Liu,2022,eClock: An ensemble-based method to accurately predict ages with a biased distribution from DNA methylation data,Illumina 27k and 450k,167 genes,Chronological age,Blood,,539,16-88,Elastic net regression,0.89,,,Blood,,,,,,167 genes,180 samples used for testing,
https://doi.org/10.1371/journal.pone.0267349,eClock bootstrapped,Liu Y.,Homo sapiens,Alive,Liu,2022,eClock: An ensemble-based method to accurately predict ages with a biased distribution from DNA methylation data,Illumina 27k and 450k,70 genes,Chronological age,Blood,,539,16-88,bagging,0.867,,,Blood,,,,,,70 genes,180 samples used for testing,
https://doi.org/10.1371/journal.pone.0267349,eClock balanced,Liu Y.,Homo sapiens,Post-Mortem,Liu,2022,eClock: An ensemble-based method to accurately predict ages with a biased distribution from DNA methylation data,Illumina 450k,60 DMRs,Chronological age,Brain,,145,13-79,bagging-SMOTE method,0.853,,,Brain,,,,,,25 genes,,
https://doi.org/10.1371/journal.pone.0267349,eClock normal,Liu Y.,Homo sapiens,Post-Mortem,Liu,2022,eClock: An ensemble-based method to accurately predict ages with a biased distribution from DNA methylation data,Illumina 450k,61 DMRs,Chronological age,Brain,,145,13-79,Elastic net regression,0.942,,,Brain,,,,,,22 genes,,
https://doi.org/10.1371/journal.pone.0267349,eClock bootstrapped,Liu Y.,Homo sapiens,Post-Mortem,Liu,2022,eClock: An ensemble-based method to accurately predict ages with a biased distribution from DNA methylation data,Illumina 450k,50 DMRs,Chronological age,Brain,,145,13-79,bagging,0.928,,,Brain,,,,,,24 genes,,
https://doi.org/10.18632/aging.203399,,"Pisarek A, Po?piech E, Heidegger A, Xavier C, Papie? A, Piniewska-R¢g D, Kalamara V, Potabattula R, Bochenek M, Sikora-Polaczek M, Macur A, Wo?niak A, Janeczko J, Phillips C, Haaf T, Pola?ska J, Parson W, Kayser M, Branicki W.",Homo sapiens,Alive,Pisarek,2021,Epigenetic age prediction in semen - marker selection and model development,Illumina EPIC,6,Chronological age,Semen,,288,24-60,stepwise linear regression,,,,Semen,,,,,6.3,"SH2B2, FOLH1B, EXOC3, IFITM2, and GALR2",,
https://doi.org/10.1007/s11357-022-00569-5,human-opossum clock for CA,"Horvath, Steve; Haghani, Amin; Zoller, Joseph A.; Raj, Ken; Sinha, Ishani; Robeck, Todd R.; Black, Pete; Couzens, Aidan; Lau, Clive; Manoyan, Meghety; Aviles Ruiz, Yadiamaris; Talbott, Annais; Belov, Katherine; Hogg, Carolyn J.; Sears, Karen E.",Homo sapiens and opossums,Alive,Horvath,2022,"Epigenetic clock and methylation studies in marsupials: opossums, Tasmanian devils, kangaroos, and wallabies",HorvathMammalMethylChip40,506,Chronological age,Multiple,"Ear, Liver, Tail",1466,0.0384-3.27,elastic net regression,0.98,,,Multiple,,2.53,,,,,,
https://doi.org/10.1007/s11357-022-00569-5,human-opossum clock for relative age,"Horvath, Steve; Haghani, Amin; Zoller, Joseph A.; Raj, Ken; Sinha, Ishani; Robeck, Todd R.; Black, Pete; Couzens, Aidan; Lau, Clive; Manoyan, Meghety; Aviles Ruiz, Yadiamaris; Talbott, Annais; Belov, Katherine; Hogg, Carolyn J.; Sears, Karen E.",Homo sapiens and opossums,Alive,Horvath,2022,"Epigenetic clock and methylation studies in marsupials: opossums, Tasmanian devils, kangaroos, and wallabies",HorvathMammalMethylChip40,498,Chronological age,Multiple,"Ear, Liver, Tail",1466,0.0384-3.27,elastic net regression,0.96,,,Multiple,,0.0262,,,,,,
https://analyticalsciencejournals.onlinelibrary.wiley.com/doi/epdf/10.1002/elps.202000367?saml_referrer,male clock,"Xiao C., Yi S., Huang D.",Homo sapiens,Alive,Xiao,2021,Genome-wide identification of age-related CpG sites for age estimation from blood DNA of Han Chinese individuals,pyrosequencing and Illumina EPIC,25,Chronological age,Blood,,163,1.5-85.71,Multiple linear regression with 10-forl CV,0.9522,0.976,,Blood,,,,,3.76,,GSE141682,308 samples in validation cohort
https://analyticalsciencejournals.onlinelibrary.wiley.com/doi/epdf/10.1002/elps.202000367?saml_referrer,female clock,"Xiao C., Yi S., Huang D.",Homo sapiens,Alive,Xiao,2021,Genome-wide identification of age-related CpG sites for age estimation from blood DNA of Han Chinese individuals,pyrosequencing and Illumina EPIC,23,Chronological age,Blood,,141,3.33-80.38,Multiple linear regression with 10-forl CV,0.949,0.9736,,Blood,,,,,3.35,,GSE141682,308 samples in validation cohort
https://analyticalsciencejournals.onlinelibrary.wiley.com/doi/epdf/10.1002/elps.202000367?saml_referrer,combined clock,"Xiao C., Yi S., Huang D.",Homo sapiens,Alive,Xiao,2021,Genome-wide identification of age-related CpG sites for age estimation from blood DNA of Han Chinese individuals,pyrosequencing and Illumina EPIC,45,Chronological age,Blood,,304,1.5-85.71,Multiple linear regression with 10-forl CV,0.9289,0.9615,,Blood,,,,,4.44,,GSE141682,308 samples in validation cohort
https://www.aging-us.com/article/202775/text,,"Athina Vidaki, Diego Montiel Gonz†lez, Benjamin Planterose JimÇnez, Manfred Kayser",Homo sapiens,Alive,Vidaki,2020,Male-specific age estimation based on Y-chromosomal DNA methylation,Illumina 450k,75,Chronological age,Blood,,1057,15-87,support vector machines with radial kernel,0.653,0.81,,Blood,,,,,10.15,"EIF1AY, DDX3Y, ZFY, TTTY14 and NLGN4Y","GSE100386, GSE125105, GSE128235, GSE61496, GSE87571 and GSE115278",
https://www.aging-us.com/article/202775/text,,"Athina Vidaki, Diego Montiel Gonz†lez, Benjamin Planterose JimÇnez, Manfred Kayser",Homo sapiens,Alive,Vidaki,2020,Male-specific age estimation based on Y-chromosomal DNA methylation,Illumina 450k,19,Chronological age,Blood,,1057,15-87,support vector machines with radial kernel,0.53,0.73,,Blood,,,,,11.77,"EIF1AY, DDX3Y, ZFY, TTTY14 and NLGN4Y","GSE100386, GSE125105, GSE128235, GSE61496, GSE87571 and GSE115278",
https://doi.org/10.1002/jcsm.12741,MEAT2,"Voisin S, Jacques M, Landen S, Harvey NR, Haupt LM, Griffiths LR, Gancheva S, Ouni M, JÑhnert M, Ashton KJ, Coffey VG, Thompson JM, Doering TM, Gabory A, Junien C, Caiazzo R, Verkindt H, Raverdy V, Pattou F, Froguel P, Craig JM, Blocquiaux S, Thomis M, Sharples AP, SchÅrmann A, Roden M, Horvath S, Eynon N.",Homo sapiens,Alive,Voisin,2021,Meta-analysis of genome-wide DNA methylation and integrative omics of age in human skeletal muscle,"Illumina 27k, 450k and EPIC",156,Chronological age,Muscle,,1053,18-89,elastic net regression,,0.69,,Muscle,,4.4,,,,,,
https://molecularbrain.biomedcentral.com/articles/10.1186/s13041-021-00810-w,Fetal Brain Clock (FBC),"Steg LC, Shireby GL, Imm J, et al.",Homo sapiens,Pre-natal,Steg,2021,Novel epigenetic clock for fetal brain development predicts prenatal age for cellular stem cell models and derived neurons.,"Illumina 450k and EPIC, Elisyum",107,Chronological age (pre=natal),embryonic and fetal brain tissue and iPSc,,258,23-184 days post conception,elastic net regression,,0.8,,embryonic and fetal brain tissue and iPSc,,,,,14.84 dpc,,GSE74193,
https://doi.org/10.1007/s00414-020-02360-7,,"Koop BE, Mayer F, GÅndÅz T, Blum J, Becker J, Schaffrath J, Wagner W, Han Y, Boehme P, Ritz-Timme S.",Homo sapiens,Alive and Post-Mortem,Koop,2021,"Postmortem age estimation via DNA methylation analysis in buccal swabs from corpses in different stages of decomposition-a ""proof of principle"" study",pyrosequencing,1,Chronological age,Buccal cells,,215,0-90,linear regression,0.85-0.90,,,Buccal cells,,7.8 - 9.1,,,,PDE4C,"first number in r2 and MAD is for living individuals, second - for post-mortem",
https://www.biorxiv.org/content/10.1101/2022.05.16.492116v1,CerebellumClock specific,"Leonard C. Schalkwyk, Olivia A. Grant, Xiaojun Zhai, Klaus D. McDonald-Maier Yucheng Wang",Homo sapiens,Post-Mortem,Wang,Preprint2022,Recalibrating the cerebellum DNA methylation clock: implications for ageing rates comparison,Illumina 450k and EPIC,613,Chronological age,Cerebellum,,752,15-114,elastic net regression,,0.941,,cerebellum,,3.18,,,4.26,,,
https://www.biorxiv.org/content/10.1101/2022.05.16.492116v1,CerebellumClock common,"Leonard C. Schalkwyk, Olivia A. Grant, Xiaojun Zhai, Klaus D. McDonald-Maier Yucheng Wang",Homo sapiens,Post-Mortem,Wang,Preprint2022,Recalibrating the cerebellum DNA methylation clock: implications for ageing rates comparison,Illumina 450k and EPIC,201,Chronological age,Cerebellum,,752,15-114,elastic net regression,,0.868,,cerebellum,,4.82,,,6.47,,,
https://www.biorxiv.org/content/10.1101/2022.05.16.492116v1,CortexClock common,"Leonard C. Schalkwyk, Olivia A. Grant, Xiaojun Zhai, Klaus D. McDonald-Maier Yucheng Wang",Homo sapiens,Post-Mortem,Wang,Preprint2022,Recalibrating the cerebellum DNA methylation clock: implications for ageing rates comparison,Illumina 450k and EPIC,201,Chronological age,Brain tissues,,752,15-114,elastic net regression,,0.865,,cerebellum,,36.1,,,36.9,,trained on non-cerebellum data but tested on cerebellum dataset,
https://doi.org/10.1093/humrep/deac084,SEA clock CpG,"Pilsner, J. Richard; Saddiki, Hachem; Whitcomb, Brian W.; Suvorov, Alexander; Louis, Germaine M. Buck; Mumford, Sunni L.; Schisterman, Enrique F.; Oluwayiose, Oladele A.; Balzer, Laura B.",Homo sapiens,Alive,Pilsner,2022,Sperm epigenetic clock associates with pregnancy outcomes in the general population,Illumina EPIC,120,Chronological age,Semen,,379,19-50,"SuperLearner on penalized regressions (LASSO, ridge, elastic net) and multivariate adaptive regression splines",,0.83,,Semen,,,,,,,Longitudinal Investigation of Fertility and the Environment (LIFE) Study,Validated on dataset with n=173 samples
https://doi.org/10.1093/humrep/deac084,SEA clock DMR,"Pilsner, J. Richard; Saddiki, Hachem; Whitcomb, Brian W.; Suvorov, Alexander; Louis, Germaine M. Buck; Mumford, Sunni L.; Schisterman, Enrique F.; Oluwayiose, Oladele A.; Balzer, Laura B.",Homo sapiens,Alive,Pilsner,2022,Sperm epigenetic clock associates with pregnancy outcomes in the general population,Illumina EPIC,318,Chronological age,Semen,,379,19-50,"SuperLearner on penalized regressions (LASSO, ridge, elastic net) and multivariate adaptive regression splines",,0.79,,Semen,,,,,,,117 DMRs,Validated on dataset with n=173 samples
https://doi.org/10.1186/s13059-022-02603-3,WID general,"Barrett J.E., Herzog C., Kim Y.-N., Bartlett T.E., Jones A., Evans I., Cibula D., Zikan M., Bjõrge L., Harbeck N., Colombo N., Howell S.J., RÜdestad A.F., Gemzell-Danielsson K., Widschwendter M.",Homo sapiens,Alive,Barrett,2022,Susceptibility to hormone-mediated cancer is reflected by different tick rates of the epithelial and general epigenetic clock,Illumina EPIC,759,Chronological age,Cervical samples,,869,>18,Lasso regression,,0.95,,Cervical samples,4.2E-117,2.4,,,,,,Validated on 225 samples
https://doi.org/10.1186/s13059-022-02603-3,WID-epithelial,"Barrett J.E., Herzog C., Kim Y.-N., Bartlett T.E., Jones A., Evans I., Cibula D., Zikan M., Bjõrge L., Harbeck N., Colombo N., Howell S.J., RÜdestad A.F., Gemzell-Danielsson K., Widschwendter M.",Homo sapiens,Alive,Barrett,2022,Susceptibility to hormone-mediated cancer is reflected by different tick rates of the epithelial and general epigenetic clock,Illumina EPIC,759,Chronological age,Cervical samples,,869,>18,Lasso regression,,0.67,,Cervical samples,3.3E-031,6.3,,,,,,
https://doi.org/10.1186/s13059-022-02603-3,WID-Immune,"Barrett J.E., Herzog C., Kim Y.-N., Bartlett T.E., Jones A., Evans I., Cibula D., Zikan M., Bjõrge L., Harbeck N., Colombo N., Howell S.J., RÜdestad A.F., Gemzell-Danielsson K., Widschwendter M.",Homo sapiens,Alive,Barrett,2022,Susceptibility to hormone-mediated cancer is reflected by different tick rates of the epithelial and general epigenetic clock,Illumina EPIC,759,Chronological age,Cervical samples,,869,>18,Lasso regression,,0.58,,Cervical samples,1.5E-021,7.6,,,,,,
https://doi.org/10.1186/s13059-022-02603-3,WID-REA,"Barrett J.E., Herzog C., Kim Y.-N., Bartlett T.E., Jones A., Evans I., Cibula D., Zikan M., Bjõrge L., Harbeck N., Colombo N., Howell S.J., RÜdestad A.F., Gemzell-Danielsson K., Widschwendter M.",Homo sapiens,Alive,Barrett,2022,Susceptibility to hormone-mediated cancer is reflected by different tick rates of the epithelial and general epigenetic clock,Illumina EPIC,759,Cancer risk,Cervical samples,,869,>18,Lasso regression,,,,"Breast, cervix, blood, buccal",0.013,,2.7 (95% CI: 1.28-5.72),,,,Defined as WID general - WID Epithelial,Validated on 357 samples
https://www.fsigenetics.com/article/S1872-4973(21)00173-3/fulltext,,"Aliferi A., Sundaram S., Ballard D., Freire-Aradas A., Phillips C., Lareu M.V., Court D.S.",Homo sapiens,Alive,Aliferi,2022,Combining current knowledge on DNA methylation-based age estimation towards the development of a superior forensic DNA intelligence tool,Illumina 27k and 450k,11,Chronological age,Blood,,200,11-99,Extensive feature selection followed by a support vector machine model with polynomial function,,,,Blood,,,,,4.4,"ELOVL2, FHL2, EDARADD, ARHGAP22, RASSF5, CNTNAP2, MIR29B2CHG, CCDC102B, SMC4/TRIM59 and LDB2","Used 51 studies in total, restricted only on the reported age-related CpGs, then used 24 studies to select CpGs",
https://www.mdpi.com/1422-0067/22/17/9306#app1-ijms-22-09306,BA-seq clock ,"Franzen, J.; NÅchtern, S.; Tharmapalan, V.; Vieri, M.; Nikoli?, M.; Han, Y.; Balfanz, P.; Marx, N.; Dreher, M.; BrÅmmendorf, T.H.; Dahl, E.; Beier, F.; Wagner, W.",Homo sapiens,Alive,Franzen,2021,Epigenetic Clocks Are Not Accelerated in COVID-19 Patients ,BA-seq,3,Chronological age,Blood,,40,not specified,multivariable model,0.88,,18-74,Blood,,,,,,"CCDC102B, FHL2 and PDE4C ","On validation cohort (n=95, age range 18-74), mean absolute error = 4.19",Formula: Epigenetic age (years) = ?0.34 DNAmCCDC102B + 0.83 DNAmFHL2 + 1.18 DNAmPDE4C + 3.86 
https://www.aging-us.com/article/203637/text,PMA-450k,"Graw, S., Camerota, M., Carter, B.S., Helderman, J., Hofheimer, J.A., McGowan, E.C., Neal, C.R., Pastyrnak, S.L., Smith, L.M., DellaGrotta, S.A. and Dansereau, L.M.,",Homo sapiens,Alive,Graw,2021,NEOage clocks-Epigenetic clocks to estimate post-menstrual and postnatal age in preterm infants.,Illumina 450k,409,Post-menstrual gestational age,Buccal mucosa,,542,PMA (post-menstrual age): 32.1-51.4 weeks; PNA (post-natal age): 2.7-25.3 weeks,elastic net regression,,0.93,"PMA: 38-42.6 weeks, and PNA: 6.9-17.6 weeks",Saliva,,,,,1.09,,Validated on 48 samples ,"In initial dataset: postnatal age mean (SD) 11.43 (6.39) weeks, post mestrual age 38.57 (4.43), Training RMSE: 1.28"
https://www.aging-us.com/article/203637/text,PMA-EPIC,"Graw, S., Camerota, M., Carter, B.S., Helderman, J., Hofheimer, J.A., McGowan, E.C., Neal, C.R., Pastyrnak, S.L., Smith, L.M., DellaGrotta, S.A. and Dansereau, L.M.,",Homo sapiens,Alive,Graw,2021,NEOage clocks-Epigenetic clocks to estimate post-menstrual and postnatal age in preterm infants.,Illumina EPIC,522,Post-menstrual gestational age,Buccal mucosa,,542,PMA (post-menstrual age): 32.1-51.4 weeks; PNA (post-natal age): 2.7-25.3 weeks,elastic net regression,,0.93,"PMA: 38-42.6 weeks, and PNA: 6.9-17.6 weeks",Saliva,,,,,,,Validated on 48 samples ,"In initial dataset: postnatal age mean (SD) 11.43 (6.39) weeks, post mestrual age 38.57 (4.43), Training RMSE: 1.28"
https://www.aging-us.com/article/203637/text,PNA-450l,"Graw, S., Camerota, M., Carter, B.S., Helderman, J., Hofheimer, J.A., McGowan, E.C., Neal, C.R., Pastyrnak, S.L., Smith, L.M., DellaGrotta, S.A. and Dansereau, L.M., ",Homo sapiens,Alive,Graw,2021,NEOage clocks-Epigenetic clocks to estimate post-menstrual and postnatal age in preterm infants.,Illumina 450k,303,Postnatal age,Buccal mucosa,,542,PMA (post-menstrual age): 32.1-51.4 weeks; PNA (post-natal age): 2.7-25.3 weeks,elastic net regression,,0.93,"PMA: 38-42.6 weeks, and PNA: 6.9-17.6 weeks",Saliva,,,,,1.55,,Validated on 48 samples ,"In initial dataset: postnatal age mean (SD) 11.43 (6.39) weeks, post mestrual age 38.57 (4.43), Training RMSE: 1.63"
https://www.aging-us.com/article/203637/text,PNA-EPIC,"Graw, S., Camerota, M., Carter, B.S., Helderman, J., Hofheimer, J.A., McGowan, E.C., Neal, C.R., Pastyrnak, S.L., Smith, L.M., DellaGrotta, S.A. and Dansereau, L.M.,",Homo sapiens,Alive,Graw,2021,NEOage clocks-Epigenetic clocks to estimate post-menstrual and postnatal age in preterm infants.,Illumina EPIC,509,Postnatal age,Buccal mucosa,,542,PMA (post-menstrual age): 32.1-51.4 weeks; PNA (post-natal age): 2.7-25.3 weeks,elastic net regression,,0.94,"PMA: 38-42.6 weeks, and PNA: 6.9-17.6 weeks",Saliva,,,,,,,Validated on 48 samples ,"In initial dataset: postnatal age mean (SD) 11.43 (6.39) weeks, post mestrual age 38.57 (4.43), Training RMSE: 1.55"
http://www.aginganddisease.org/EN/10.14336/AD.2020.1202,DeepMAge,"Galkin, F., Mamoshina, P., Kochetov, K., Sidorenko, D. and Zhavoronkov, A.",Homo sapiens,Alive,Galkin,2021,DeepMAge: a methylation aging clock developed with deep learning.,Illumina 27k and 450k,1000,Chronological age,Blood,,4930,0-103,neural network regression,0.96,0.98,0-87,Blood,,2.77,,,5.44,,"Validated on 1,293 samples from 15 studies",
https://www.sciencedirect.com/science/article/pii/S1872497322000849,QRNN clock,"Freire-Aradas A, Gir¢n-Santamar°a L, Mosquera-Miguel A, Ambroa-Conde A, Phillips C, Casares de Cal M, G¢mez-Tato A, µlvarez-Dios J, Pospiech E, Aliferi A, Syndercombe Court D, Branicki W, Lareu MV.",Homo sapiens,Alive,Freire-Aradas,2022,A common epigenetic clock from childhood to old age.,EpiTYPER mass spectrometry,7,Chronological age,Blood,,1097,2-104,quantile regression neural network (QRNN),0.9669,,3-69,Blood,,,,76.32,4.51,"ELOVL2, ASPA, PDE4C, FHL2, CCDC102B, MIR29B2CHG and chr16:85395429 (GRCh38)","Training set n=895, testing set n=152, MAE on test 3.32",
https://www.sciencedirect.com/science/article/pii/S1872497322000849,QRSVM clock,"Freire-Aradas A, Gir¢n-Santamar°a L, Mosquera-Miguel A, Ambroa-Conde A, Phillips C, Casares de Cal M, G¢mez-Tato A, µlvarez-Dios J, Pospiech E, Aliferi A, Syndercombe Court D, Branicki W, Lareu MV.",Homo sapiens,Alive,Freire-Aradas,2022,A common epigenetic clock from childhood to old age.,EpiTYPER mass spectrometry,7,Chronological age,Blood,,1097,2-104,quantile regression support vector machine (QRSVM),0.9679,,3-69,Blood,,,,77.63,4.75,"ELOVL2, ASPA, PDE4C, FHL2, CCDC102B, MIR29B2CHG and chr16:85395429 (GRCh38)","Training set n=895, testing set n=152, MAE on test 3.45",
https://www.mdpi.com/2073-4409/11/24/4044,Targeted Epigenetic Clock,"NoÇmie Gensous, Claudia Sala, Chiara Pirazzini, Francesco Ravaioli, Maddalena Milazzo, Katarzyna Malgorzata Kwiatkowska, Elena Marasco, Sara De Fanti, Cristina Giuliani, Camilla Pellegrini, Aurelia Santoro, Miriam Capri, Stefano Salvioli, Daniela Monti, Gastone Castellani, Claudio Franceschi, Maria Giulia Bacalini, Paolo Garagnani",Homo sapiens,Alive,Gensous,2022,A Targeted Epigenetic Clock for the Prediction of Biological Age,EpiTYPER mass spectrometry,,Chronological age,Blood,,278,0-98,ridge regression,,0.89,20-80,Blood,,3.98,,,,"ELOVL2, NHLRC1, AIM2, EDARADD, SIRT7 and TFAP2E",Spearman correlation coefficient,Based on 6 genomic regions
https://www.biorxiv.org/content/10.1101/2022.10.07.511382v1.full.pdf,CausAge,"Ying, K., Liu, H., Tarkhov, A. E., Lu, A. T., Horvath, S., Kutalik, Z., Shen, X., & Gladyshev, V. N.",Homo sapiens,Alive,Ying,Preprint2022,Causal Epigenetic Age Uncouples Damage and Adaptation,Illumina 450k,,Chronological age,Blood,,2664,,elastic net regression,,0.93,,Blood,,2.89,,,,,Pearson correlation,Can't find the number of CpGs and age range for the study
https://www.biorxiv.org/content/10.1101/2022.10.07.511382v1.full.pdf,AdaptAge,"Ying, K., Liu, H., Tarkhov, A. E., Lu, A. T., Horvath, S., Kutalik, Z., Shen, X., & Gladyshev, V. N.",Homo sapiens,Alive,Ying,Preprint2022,Causal Epigenetic Age Uncouples Damage and Adaptation,Illumina 450k,,Chronological age,Blood,,2664,,elastic net regression,,0.83,,Blood,,4.7,,,,,Pearson correlation,Can't find the number of CpGs and age range for the study
https://www.biorxiv.org/content/10.1101/2022.10.07.511382v1.full.pdf,DamAge,"Ying, K., Liu, H., Tarkhov, A. E., Lu, A. T., Horvath, S., Kutalik, Z., Shen, X., & Gladyshev, V. N.",Homo sapiens,Alive,Ying,Preprint2022,Causal Epigenetic Age Uncouples Damage and Adaptation,Illumina 450k,,Chronological age,Blood,,2664,,elastic net regression,,0.84,,Blood,,4.36,,,,,Pearson correlation,Can't find the number of CpGs and age range for the study
https://www.frontiersin.org/articles/10.3389/fgene.2021.772298/full,,"N. Kuzub, A. Koliada, V. Smialkovska, V. Momot, V. Moseiko, O. Lushchak",Homo sapiens,Alive,Kuzub,2022,Evaluation of Epigenetic Age Based on DNA Methylation Analysis of Several CpG Sites in Ukrainian Population,Pyrosequencing,4,Chronological age,Blood,,153,0-101,linear regression,0.92,,,Blood,,6.6,,78.3,,"ASPA, EDARADD, ELOVL2, PDE4C",% of correct predictions for 10 year accuracy,
https://www.frontiersin.org/articles/10.3389/fgene.2021.772298/full,,"N. Kuzub, A. Koliada, V. Smialkovska, V. Momot, V. Moseiko, O. Lushchak",Homo sapiens,Alive,Kuzub,2022,Evaluation of Epigenetic Age Based on DNA Methylation Analysis of Several CpG Sites in Ukrainian Population,Pyrosequencing,2,Chronological age,Blood,,153,0-101,linear regression,0.85,,,Blood,,11.2,,56.2,,"ASPA, EDARADD, ELOVL2, PDE4C",% of correct predictions for 10 year accuracy,
https://www.biorxiv.org/content/10.1101/2021.10.25.465725v3.full.pdf,TIME-Seq Human Blood Clock,"Griffin, P.T., Kane, A.E., Trapp, A., Li, J., Arnold, M., Poganik, J.R., McNamara, M.S., Meer, M.V., Hoffman, N., Amorim, J. and Tian, X.",Homo sapiens,Alive,Griffin,Preprint2021,TIME-Seq Enables Scalable and Inexpensive Epigenetic Age Predictions,TIME-seq,405,Chronological age,Blood,,1056,18-103,elastic net regression,,0.96,,Blood,,3.39,,,,,,
https://onlinelibrary.wiley.com/doi/full/10.1111/acer.14803,MonoDNAmAge,"Liang X, Sinha R, Justice AC, Cohen MH, Aouizerat BE, Xu K.",Homo sapiens,Alive,Liang,2022,A new monocyte epigenetic clock reveals nonlinear effects of alcohol consumption on biological aging in three independent cohorts (Nˇ=ˇ2242).,Illumina 450k and EPIC,186,Chronological age,Blood monocytes,,2242,18-83,elastic net regression,,0.86,,Blood monocytes,,,,,,135 genes,,
https://www.sciencedirect.com/science/article/pii/S2589004222015760,Common CpGs clock,"Adiv A. Johnson, Nicole S. Torosin, Maxim N. Shokhirev, Trinna L. Cuellar",Homo sapiens,Alive,Adiv,2022,A set of common buccal CpGs that predict epigenetic age and associate with lifespan-regulating genes,Illumina 450k,130,Chronological age,Buccal cells,,431,25-88,multiple linear regression,,0.95,,Buccal cells,,,,,,,Mean Absolute Error 3.88,
https://www.sciencedirect.com/science/article/pii/S2589004222015760,Elastic Net CpGs clock,"Adiv A. Johnson, Nicole S. Torosin, Maxim N. Shokhirev, Trinna L. Cuellar",Homo sapiens,Alive,Adiv,2022,A set of common buccal CpGs that predict epigenetic age and associate with lifespan-regulating genes,Illumina 450k,335,Chronological age,Buccal cells,,431,25-88,elastic net regression,,0.94,,Buccal cells,,,,,,,Mean Absolute Error 3.85,
https://www.sciencedirect.com/science/article/pii/S1872497322001119,,"Ambroa-Conde A, Gir¢n-Santamar°a L, Mosquera-Miguel A, Phillips C, Casares de Cal MA, G¢mez-Tato A, µlvarez-Dios J, de la Puente M, Ruiz-Ram°rez J, Lareu MV, Freire-Aradas A.",Homo sapiens,Alive,Ambroa-Conde,2022,Epigenetic age estimation in saliva and in buccal cells.,Illumina 450k,7,Chronological age,Multiple,Saliva and buccal swabs,368,21-86,multivariate quantile regression,,,21-86,Saliva and buccal cells,,3.66,,71.19,6.23,"LHFPL4, ELOVL2, PDE4C, HOXC4, OTUD7A and EDARADD",,
https://genomemedicine.biomedcentral.com/articles/10.1186/s13073-023-01161-y,cAge,"Bernabeu, E., McCartney, D. L., Gadd, D. A., Hillary, R. F., Lu, A. T., Murphy, L., Wrobel, N., Campbell, A., Harris, S. E., Liewald, D., Hayward, C., Sudlow, C., Cox, S. R., Evans, K. L., Horvath, S., McIntosh, A. M., Robinson, M. R., Vallejos, C. A., & Marioni, R. E.",Homo sapiens,Alive,Bernabeu,2022,Refining epigenetic prediction of chronological and biological age,Illumina 450k and EPIC,2274 and quadratic terms (2330 terms in total),Chronological age,Multiple,Blood and Saliva,24674,2.2-101,Elastic net regression,,0.96,,Blood,,2.3,,,3.92,,,
https://genomemedicine.biomedcentral.com/articles/10.1186/s13073-023-01161-y,bAge,"Bernabeu, E., McCartney, D. L., Gadd, D. A., Hillary, R. F., Lu, A. T., Murphy, L., Wrobel, N., Campbell, A., Harris, S. E., Liewald, D., Hayward, C., Sudlow, C., Cox, S. R., Evans, K. L., Horvath, S., McIntosh, A. M., Robinson, M. R., Vallejos, C. A., & Marioni, R. E.",Homo sapiens,Alive,Bernabeu,2022,Refining epigenetic prediction of chronological and biological age,Illumina 450k and EPIC,35 GrimAge and EpiScore components and age,All-cause mortality (time to event),Blood,,22499,17-98,Cox elastic net regression,,,,Blood,,,"1.52 [1.44, 1.59]",,,,,
https://www.aging-us.com/article/204434,GrimAge2,Lu A.T.; Binder A.M.; Zhang J.; Yan Q.; Reiner A.P.; Cox S.R.; Corley J.; Harris S.E.; Kuo P.-L.; Moore A.Z.; Bandinelli S.; Stewart J.D.; Wang C.; Hamlat E.J.; Epel E.S.; Schwartz J.D.; Whitse E.A.; Correa A.; Ferrucci L.; Marioni R.E.; Horvath S.,Homo sapiens,Alive,Lu,2022,DNA methylation GrimAge version 2,Illumina 450k and EPIC,,All-cause mortality,Blood,,13399,40-92,Cox elastic net regression,,,40-92,Blood,,,"1.11[1.08,1.15]",,,,,
https://www.aging-us.com/article/202783/text,VISAGE,"Wo?niak, A., Heidegger, A., Piniewska-R¢g, D., Po?piech, E., Xavier, C., Pisarek, A., Kartasi?ska, E., Boro?, M., Freire-Aradas, A., Wojtas, M. and de la Puente, M.",Homo sapiens,Alive and Post-Mortem,Wo?niak,2021,"Development of the VISAGE enhanced tool and statistical models for epigenetic age estimation in blood, buccal cells and bones",Sanger sequencing,6,Chronological age,Blood,,160,1-75,Multivariate linear model,,,1-75,Blood,,,,,,"ELOVL2, MIR29B2CHG, KLF14, FHL2, TRIM59, and PDE4C",Mean Absolute Error (MAE) 3.2 years,
https://www.aging-us.com/article/202783/text,VISAGE,"Wo?niak, A., Heidegger, A., Piniewska-R¢g, D., Po?piech, E., Xavier, C., Pisarek, A., Kartasi?ska, E., Boro?, M., Freire-Aradas, A., Wojtas, M. and de la Puente, M.",Homo sapiens,Alive and Post-Mortem,Wo?niak,2021,"Development of the VISAGE enhanced tool and statistical models for epigenetic age estimation in blood, buccal cells and bones",Sanger sequencing,5,Chronological age,Buccal cells,,160,2-80,Multivariate linear model,,,2-80,Buccal cells,,,,,,"PDE4C, MIR29B2CHG, ELOVL2, KLF14 and EDARADD",Mean Absolute Error (MAE) 3.7 years,
https://www.aging-us.com/article/202783/text,VISAGE,"Wo?niak, A., Heidegger, A., Piniewska-R¢g, D., Po?piech, E., Xavier, C., Pisarek, A., Kartasi?ska, E., Boro?, M., Freire-Aradas, A., Wojtas, M. and de la Puente, M.",Homo sapiens,Poat-mortem,Wo?niak,2021,"Development of the VISAGE enhanced tool and statistical models for epigenetic age estimation in blood, buccal cells and bones",Sanger sequencing,6,Chronological age,Bones,,161,19-93,Multivariate linear model,,,22-75,Bones,,,,,,"ELOVL2, KLF14, PDE4C and ASPA",Mean Absolute Error (MAE) 3.4 years,
https://www.nature.com/articles/s43587-021-00134-3,scAge Liver model,Alexandre Trapp,mouse,,Trapp,2021,Profiling epigenetic age in single cells,RRBS and WGBS,,Chronological age,Liver,,196,embryos-26 months,linear regression,0.952,,,hepatocytes,3.9*10-10,2.1 months,,,,,"results are very hard to read, not sure for how many Cpgs these results are, vary from 100 to 5000",
https://www.nature.com/articles/s43587-021-00134-3,scAge multi-tissue model,Alexandre Trapp,mouse,,Trapp,2021,Profiling epigenetic age in single cells,RRBS and WGBS,,Chronological age,Multiple,"Blood, liver, kidney, muscle and lund",196,embryos-26 months,"results are very hard to read, not sure for how many Cpgs these results are, vary from 100 to 5000",0.862,,,hepatocytes,2.1*10-6,4.5 months,,,,,"results are very hard to read, not sure for how many Cpgs these results are, vary from 100 to 5000",
https://www.nature.com/articles/s43587-021-00134-3,scAge blood model,Alexandre Trapp,mouse,,Trapp,2021,Profiling epigenetic age in single cells,RRBS and WGBS,,Chronological age,Blood,,196,embryos-26 months,"results are very hard to read, not sure for how many Cpgs these results are, vary from 100 to 5000",0.363,,,hepatocytes,0.13,10 months,,,,,"results are very hard to read, not sure for how many Cpgs these results are, vary from 100 to 5000",
https://www.biorxiv.org/content/10.1101/2021.10.25.465725v3.full.pdf,TIME-Seq rDNA Clock,"Griffin, P.T., Kane, A.E., Trapp, A., Li, J., Arnold, M., Poganik, J.R., McNamara, M.S., Meer, M.V., Hoffman, N., Amorim, J. and Tian, X.",Mouse,,Griffin,Preprint2021,TIME-Seq Enables Scalable and Inexpensive Epigenetic Age Predictions,TIME-seq,232,Chronological age,Blood,,182,,elastic net regression,,0.95,,Blood,,1.2 months,,,,,,
https://www.biorxiv.org/content/10.1101/2021.10.25.465725v3.full.pdf,"TIME-Seq Mouse Multi-tissue clock,","Griffin, P.T., Kane, A.E., Trapp, A., Li, J., Arnold, M., Poganik, J.R., McNamara, M.S., Meer, M.V., Hoffman, N., Amorim, J. and Tian, X.",Mouse,,Griffin,Preprint2021,TIME-Seq Enables Scalable and Inexpensive Epigenetic Age Predictions,TIME-seq,419,Chronological age,Multiple,"blood, liver, skin, kidney, and white adipose tissue (WAT)",860,2-35 months,elastic net regression,,0.89,,Multiple,,1.5 months,,,,,,
https://www.biorxiv.org/content/10.1101/2021.10.25.465725v3.full.pdf,TIME-Seq Mouse Blood Clock,"Griffin, P.T., Kane, A.E., Trapp, A., Li, J., Arnold, M., Poganik, J.R., McNamara, M.S., Meer, M.V., Hoffman, N., Amorim, J. and Tian, X.",Mouse,,Griffin,Preprint2021,TIME-Seq Enables Scalable and Inexpensive Epigenetic Age Predictions,TIME-seq,,Chronological age,Blood,,198,,elastic net regression,,0.93,,Blood,,0.7 months,,,,,Table with numbers of CpGs is now attached,
https://www.biorxiv.org/content/10.1101/2021.10.25.465725v3.full.pdf,TIME-Seq Mouse Skin Clock,"Griffin, P.T., Kane, A.E., Trapp, A., Li, J., Arnold, M., Poganik, J.R., McNamara, M.S., Meer, M.V., Hoffman, N., Amorim, J. and Tian, X.",Mouse,,Griffin,Preprint2021,TIME-Seq Enables Scalable and Inexpensive Epigenetic Age Predictions,TIME-seq,,Chronological age,Skin,,250,,elastic net regression,,0.95,,Skin,,0.5 months,,,,,Table with numbers of CpGs is now attached,
https://www.biorxiv.org/content/10.1101/2021.10.25.465725v3.full.pdf,TIME-Seq Mouse Liver Clock,"Griffin, P.T., Kane, A.E., Trapp, A., Li, J., Arnold, M., Poganik, J.R., McNamara, M.S., Meer, M.V., Hoffman, N., Amorim, J. and Tian, X.",Mouse,,Griffin,Preprint2021,TIME-Seq Enables Scalable and Inexpensive Epigenetic Age Predictions,TIME-seq,,Chronological age,Liver,,208,,elastic net regression,,0.94,,Liver,,0.7 months,,,,,Table with numbers of CpGs is now attached,
https://doi.org/10.1007/s11357-022-00569-5,pan-tissue opossum clock,"Horvath, Steve; Haghani, Amin; Zoller, Joseph A.; Raj, Ken; Sinha, Ishani; Robeck, Todd R.; Black, Pete; Couzens, Aidan; Lau, Clive; Manoyan, Meghety; Aviles Ruiz, Yadiamaris; Talbott, Annais; Belov, Katherine; Hogg, Carolyn J.; Sears, Karen E.",opossums,Alive,Horvath,2022,"Epigenetic clock and methylation studies in marsupials: opossums, Tasmanian devils, kangaroos, and wallabies",HorvathMammalMethylChip40,28,Chronological age,Multiple,"Ear, Liver, Tail",100,0.0384-3.27,elastic net regression,0.85,,,Multiple,,0.326,,,,,,
https://doi.org/10.1007/s11357-022-00569-5,,"Horvath, Steve; Haghani, Amin; Zoller, Joseph A.; Raj, Ken; Sinha, Ishani; Robeck, Todd R.; Black, Pete; Couzens, Aidan; Lau, Clive; Manoyan, Meghety; Aviles Ruiz, Yadiamaris; Talbott, Annais; Belov, Katherine; Hogg, Carolyn J.; Sears, Karen E.",Red kangaroo,Alive,Horvath,2022,"Epigenetic clock and methylation studies in marsupials: opossums, Tasmanian devils, kangaroos, and wallabies",HorvathMammalMethylChip40,32,Chronological age,Blood,,37,0.620-11.730,elastic net regression,0.91,,,Blood,,0.957,,,,,,
https://doi.org/10.1007/s11357-022-00569-5,,"Horvath, Steve; Haghani, Amin; Zoller, Joseph A.; Raj, Ken; Sinha, Ishani; Robeck, Todd R.; Black, Pete; Couzens, Aidan; Lau, Clive; Manoyan, Meghety; Aviles Ruiz, Yadiamaris; Talbott, Annais; Belov, Katherine; Hogg, Carolyn J.; Sears, Karen E.","Red kangaroo, Eastern grey kangaroo, Western grey kangaroo, Red-necked wallaby",Alive,Horvath,2022,"Epigenetic clock and methylation studies in marsupials: opossums, Tasmanian devils, kangaroos, and wallabies",HorvathMammalMethylChip40,42,Chronological age,Blood,,59,0.620-13.300,elastic net regression,0.91,,,Blood,,1.05,,,,,,
https://doi.org/10.1007/s11357-022-00569-5,,"Horvath, Steve; Haghani, Amin; Zoller, Joseph A.; Raj, Ken; Sinha, Ishani; Robeck, Todd R.; Black, Pete; Couzens, Aidan; Lau, Clive; Manoyan, Meghety; Aviles Ruiz, Yadiamaris; Talbott, Annais; Belov, Katherine; Hogg, Carolyn J.; Sears, Karen E.",Tasmanian devil,Alive,Horvath,2022,"Epigenetic clock and methylation studies in marsupials: opossums, Tasmanian devils, kangaroos, and wallabies",HorvathMammalMethylChip40,28,Chronological age,Ear,,41,0.500-8.000,elastic net regression,0.83,,,Ear,,1.08,,,,,,
